time,seconds_elapsed,mslAltitudeAccuracy,bearingAccuracy,speedAccuracy,verticalAccuracy,horizontalAccuracy,speed,altitudeAboveMeanSeaLevel,bearing,altitude,longitude,latitude
1791052391228000000,-4.183,,45,1.5,6.288092613220215,50.68899917602539,0,,0,62.20000076293945,5.4897517,51.4488808
1791052396754948000,1.343947998046875,,77.5999984741211,3.0999999046325684,6.343362331390381,4.5,0.6606473922729492,,305.3353576660156,62.20000076293945,5.4895656,51.4484617
1791052397251917300,1.840917236328125,,63.20000076293945,2.4000000953674316,6.348331928253174,3.700000047683716,1.157878041267395,,328.80242919921875,62.20000076293945,5.4895714,51.4484917
1791052397758834700,2.347834716796875,,51.599998474121094,1.899999976158142,6.353401184082031,3.2660000324249268,1.3464230298995972,,326.6457214355469,62.20000076293945,5.4895643,51.4485101
1791052398260518000,2.849517822265625,,47.79999923706055,1.7000000476837158,6.358417987823486,3.0250000953674316,1.3877876996994019,,323.93255615234375,62.20000076293945,5.4895573,51.4485262
1791052398753073400,3.342073486328125,,35.900001525878906,1.399999976158142,6.363343238830566,2.859999895095825,1.4236831665039062,,314.6538391113281,62.20000076293945,5.489545,51.4485352
1791052399757132000,4.346132080078125,,23.100000381469727,1.399999976158142,6.37338399887085,2.75,1.7345772981643677,,290.4691162109375,62.20000076293945,5.4895095,51.4485525
1791052400758280400,5.347280517578125,,18.899999618530273,1.5,6.383395195007324,2.756999969482422,2.1137185096740723,,269.443115234375,62.20000076293945,5.4894334,51.4485116
1791052401204000000,5.793,,180,1.5,8.203060150146484,8.267999649047852,2.1202003955841064,,269.40667724609375,62,5.4894168,51.4485108
1791052401942321400,6.5313212890625,,180,1.5,8.209695816040039,13.560999870300293,2.133437156677246,,269.31036376953125,62,5.4893918,51.4485094
1791052402245785600,6.83478564453125,,180,0.7111514806747437,8.209695816040039,12.47599983215332,1.89228093624115,,92.01311492919922,62,5.4894138,51.4484976
1791052402650404400,7.239404296875,,180,0.7189471125602722,8.209695816040039,12.746000289916992,2.525191307067871,,91.64883422851562,62,5.4894158,51.448496
1791052402867669500,7.45666943359375,,36.15537643432617,0.2218032330274582,8.219696998596191,12.934000015258789,0.3456103801727295,,319.2796325683594,62,5.4893915,51.4484951
1791052403228431400,7.817431396484375,,31.28900909423828,0.25187477469444275,8.219696998596191,12.154000282287598,1.804001808166504,,287.07415771484375,62,5.48937,51.4484964
1791052403729387500,8.318387451171875,,31.562053680419922,0.2875894606113434,8.219696998596191,12.642999649047852,2.5591647624969482,,285.7585754394531,62,5.489348,51.4484998
1791052403907612400,8.4966123046875,,34.156036376953125,0.2875894606113434,8.229686737060547,13.21500015258789,2.8583877086639404,,285.0082092285156,62,5.489339,51.4485011
1791052404712031700,9.30103173828125,,15.52457046508789,0.26102152466773987,8.229686737060547,12.430000305175781,3.192493438720703,,271.30511474609375,62,5.4892732,51.4484939
1791052404948058600,9.53705859375,,15.714251518249512,0.26102152466773987,8.239712715148926,12.677000045776367,3.2204248905181885,,268.0109558105469,62,5.489257,51.4484914
1791052405424928800,10.0139287109375,,9.197032928466797,0.2188996970653534,8.239712715148926,11.925000190734863,3.3162314891815186,,265.2839660644531,62,5.4892206,51.4484869
1791052405868080600,10.45708056640625,,9.195404052734375,0.25518813729286194,8.239712715148926,12.039999961853027,3.325892210006714,,265.89898681640625,62,5.4891936,51.4484845
1791052405872897500,10.4618974609375,,9.120504379272461,0.25518813729286194,8.249659538269043,11.4350004196167,3.3259589672088623,,266.0718688964844,62,5.4891918,51.4484842
1791052406513540600,11.10254052734375,,8.966447830200195,0.23342746496200562,8.249659538269043,8.135000228881836,3.313659429550171,,266.7679138183594,62,5.4891555,51.4484835
1791052406913341200,11.502341064453125,,8.93248462677002,0.23342746496200562,8.259709358215332,4.861999988555908,3.312767744064331,,266.0716857910156,62,5.4891339,51.448483
1791052407187904000,11.776904052734375,,6.017115116119385,0.20606361329555511,8.259709358215332,4.750999927520752,3.388605833053589,,265.39349365234375,62,5.4891165,51.4484823
1791052407910438000,12.49943798828125,,6.239331245422363,0.2520889639854431,8.259709358215332,4.764999866485596,3.3927016258239746,,259.90277099609375,62,5.4890767,51.4484795
1791052407953790000,12.5427900390625,,6.269153118133545,0.2520889639854431,8.269692420959473,4.701000213623047,3.3936495780944824,,259.6287536621094,62,5.4890747,51.4484792
1791052408690775300,13.279775390625,,6.659445285797119,0.26398271322250366,8.269692420959473,4.61299991607666,3.299006462097168,,266.2529296875,62,5.4890349,51.448476
1791052408878634200,13.46763427734375,,6.907293796539307,0.26398271322250366,8.279698371887207,4.080999851226807,3.2964723110198975,,269.0315856933594,62,5.4890256,51.4484761
1791052409345873700,13.934873779296876,,6.220985412597656,0.22604598104953766,8.279698371887207,4.033999919891357,3.2836198806762695,,271.7283935546875,62,5.4890025,51.4484757
1791052409952804000,14.54180419921875,,6.30081033706665,0.2649085819721222,8.279698371887207,3.8989999294281006,3.2883055210113525,,272.7920837402344,62,5.4889709,51.4484766
1791052410733145000,15.32214501953125,,6.720239639282227,0.2404235303401947,8.289694786071777,3.9189999103546143,3.2883081436157227,,263.82366943359375,62,5.488931,51.4484773
1791052410959540200,15.548540283203126,,6.931877613067627,0.2775411307811737,8.29970932006836,3.88700008392334,3.2875325679779053,,258.08001708984375,62,5.4889214,51.4484764
1791052411311175400,15.900175537109375,,6.717185974121094,0.18643222749233246,8.29970932006836,3.871000051498413,3.2486422061920166,,254.6441192626953,62,5.4889027,51.4484742
1791052411908473000,16.49747314453125,,6.9315080642700195,0.23892877995967865,8.29970932006836,3.8480000495910645,3.256671190261841,,248.31591796875,62,5.488875,51.4484685
1791052412573207600,17.16220751953125,,7.042445659637451,0.24918827414512634,8.309754371643066,3.9200000762939453,3.2740535736083984,,254.14053344726562,62,5.488845,51.448462
1791052412924842500,17.513842529296873,,7.152443885803223,0.24918827414512634,8.319719314575195,3.9549999237060547,3.274860143661499,,262.0246276855469,62,5.4888285,51.4484599
1791052413449887000,18.038886962890626,,6.362368583679199,0.2258060872554779,8.319719314575195,3.9579999446868896,3.1420421600341797,,272.24627685546875,62,5.4888033,51.4484614
1791052413893043200,18.482043212890623,,6.542339324951172,0.2684418559074402,8.319719314575195,3.9719998836517334,3.1452019214630127,,277.2311096191406,62,5.4887824,51.4484637
1791052413965297000,18.554296875,,6.468620777130127,0.2684418559074402,8.329695701599121,4.004000186920166,3.1460280418395996,,277.72161865234375,62,5.4887808,51.4484644
1791052414451805400,19.040805419921874,,6.488216876983643,0.2301466315984726,8.329695701599121,4.065000057220459,3.2438559532165527,,278.4906921386719,62,5.4887542,51.4484675
1791052414890144500,19.47914453125,,6.331040382385254,0.22082199156284332,8.339688301086426,4.052999973297119,3.371986150741577,,278.0428161621094,62,5.4887327,51.4484701
1791052415087638000,19.676637939453126,,6.504429817199707,0.2163071483373642,8.339688301086426,4.065999984741211,3.368105173110962,,276.05267333984375,62,5.4887205,51.4484695
1791052415468173800,20.057173828125,,6.728647708892822,0.2531881630420685,8.344696998596191,4.084000110626221,3.357896089553833,,277.6729431152344,62,5.4887027,51.4484699
1791052415733103900,20.322103759765625,,6.374263286590576,0.17530113458633423,8.344696998596191,4.072999954223633,3.3643462657928467,,276.91546630859375,62,5.4886864,51.4484688
1791052416870696000,21.459696044921873,,8.5,0.699999988079071,8.359726905822754,3.9119999408721924,3.2736332416534424,,269,62,5.4886517,51.4484633
1791052417865314300,22.454314208984375,,7.699999809265137,0.699999988079071,8.369673728942871,3.6659998893737793,3.294222116470337,,269,62,5.4886017,51.4484633
1791052418869367600,23.458367431640625,,8.699999809265137,0.800000011920929,13.814146995544434,3.263000011444092,3.325105667114258,,269,62,5.4885517,51.4484617
1791052419871238000,24.46023779296875,,6.400000095367432,0.6000000238418579,13.824166297912598,2.6619999408721924,3.3817250728607178,,269,62,5.4884983,51.4484617
1791052420866940400,25.4559404296875,,7.699999809265137,0.699999988079071,13.834123611450195,1.600000023841858,3.4404032230377197,,269,62,5.4884417,51.4484617
1791052421869511000,26.458510986328125,,6.800000190734863,0.699999988079071,13.844148635864258,1.6160000562667847,3.5335681438446045,,269,62,5.488385,51.44846
1791052422867912200,27.456912109375,,6.800000190734863,0.699999988079071,13.854132652282715,1.6399999856948853,3.608717441558838,,269,62,5.488325,51.44846
1791052423863731000,28.45273095703125,,7.400000095367432,0.699999988079071,13.864090919494629,1.649999976158142,3.628276824951172,,271,62,5.48827,51.4484583
1791052424868758500,29.457758544921877,,6.900000095367432,0.699999988079071,13.874141693115234,1.6660000085830688,3.6982791423797607,,269,62,5.4882133,51.44846
1791052425868956000,30.457955810546874,,10.100000381469727,0.8999999761581421,13.884142875671387,1.7000000476837158,3.747177839279175,,270,62,5.4881583,51.44846
1791052426868350000,31.457349853515623,,6.900000095367432,0.699999988079071,13.894137382507324,1.7000000476837158,3.816150665283203,,270,62,5.4881033,51.44846
1791052427870447000,32.45944702148437,,9.399999618530273,0.8999999761581421,1.0166044235229492,1.7000000476837158,3.8789467811584473,,272,62.20000076293945,5.488045,51.44846
1791052428869056800,33.458056884765625,,10.399999618530273,1,1.0265905857086182,1.7000000476837158,3.917550802230835,,267,62.20000076293945,5.4879883,51.4484583
1791052429867827500,34.45682739257813,,8.600000381469727,0.8999999761581421,1.0365782976150513,1.715999960899353,3.951007843017578,,270,62.20000076293945,5.4879383,51.4484567
1791052430870211600,35.45921166992188,,9.100000381469727,1,1.0466021299362183,1.7400000095367432,3.9613022804260254,,268,62.20000076293945,5.4878817,51.4484533
1791052431870996200,36.45999633789062,,8.899999618530273,1,1.0566099882125854,1.7599999904632568,3.937624931335449,,270,62.20000076293945,5.4878267,51.4484517
1791052432868267000,37.45726708984375,,8.800000190734863,0.8999999761581421,1.0665826797485352,1.7660000324249268,3.9082858562469482,,269,62.20000076293945,5.4877717,51.4484517
1791052433873560300,38.462560302734374,,10.100000381469727,1,1.0766355991363525,1.7999999523162842,3.931448221206665,,269,62.20000076293945,5.4877133,51.4484517
1791052434868560000,39.45755981445313,,9.699999809265137,1,1.0865856409072876,1.7999999523162842,3.9484341144561768,,269,62.20000076293945,5.4876533,51.4484517
1791052435870041000,40.459041015625,,13.600000381469727,1.2000000476837158,1.0966004133224487,1.7999999523162842,3.962331771850586,,273,62.20000076293945,5.4875933,51.44845
1791052436867712300,41.456712158203125,,17.399999618530273,1.399999976158142,1.1065771579742432,1.815999984741211,3.9185802936553955,,278,62.20000076293945,5.48754,51.44845
1791052437867545900,42.4565458984375,,10,0.8999999761581421,14.15405559539795,1.8329999446868896,3.921668529510498,,269,66.5,5.4874833,51.4484533
1791052438867364600,43.456364501953125,,14.100000381469727,1.100000023841858,14.164053916931152,1.850000023841858,3.9046828746795654,,259,66.5,5.4874283,51.4484483
1791052439873621000,44.46262109375,,9.600000381469727,0.8999999761581421,14.174116134643555,1.8799999952316284,3.855269432067871,,269,66.5,5.4873683,51.4484417
1791052440869515300,45.458515380859374,,9.100000381469727,1,14.184075355529785,1.8830000162124634,3.851151704788208,,269,66.5,5.487325,51.4484417
1791052441867858000,46.45685791015625,,11.899999618530273,1,14.194058418273926,1.899999976158142,3.78269362449646,,269,66.5,5.487275,51.44844
1791052442869545000,47.458544921875,,12.600000381469727,1.100000023841858,14.204075813293457,1.899999976158142,3.7548985481262207,,269,66.5,5.4872217,51.44844
1791052443869121500,48.45812158203125,,13.699999809265137,1.2000000476837158,14.214071273803711,1.8799999952316284,3.6936466693878174,,269,66.5,5.4871683,51.4484383
1791052444867176000,49.456176025390626,,11.899999618530273,1.100000023841858,14.224052429199219,1.8660000562667847,3.6159236431121826,,272,66.5,5.4871133,51.4484383
1791052445870032100,50.4590322265625,,10.5,1,14.23408031463623,1.840000033378601,3.585555076599121,,272,66.5,5.4870517,51.44844
1791052446865491500,51.45449145507813,,8.699999809265137,1,14.244034767150879,1.8329999446868896,3.6277623176574707,,272,66.5,5.4869833,51.4484417
1791052447869431800,52.45843188476562,,11.100000381469727,1.2999999523162842,11.600000381469727,1.815999984741211,3.6076879501342773,,275,66.4,5.4869167,51.4484433
1791052448868087600,53.457087646484375,,10.300000190734863,1.100000023841858,11.600000381469727,1.815999984741211,3.620556116104126,,279,66.69999999999999,5.4868483,51.4484433
1791052449866809000,54.45580908203125,,15.199999809265137,1.5,11.5,1.8329999446868896,3.665336847305298,,280,67.5,5.4867833,51.4484467
1791052450867169500,55.45616943359375,,14.399999618530273,1.2999999523162842,11,1.850000023841858,3.6493804454803467,,275,68.5,5.4867067,51.448445
1791052451865245700,56.45424560546875,,12.5,1.2999999523162842,11,1.8660000562667847,3.7348244190216064,,273,69.4,5.4866417,51.448445
1791052452867463200,57.45646313476563,,8.399999618530273,1.100000023841858,11,1.8830000162124634,3.82593035697937,,273,70.4,5.4865633,51.44844
1791052453870052900,58.45905297851562,,7.800000190734863,1,11.199999809265137,1.899999976158142,3.929389476776123,,270,71.3,5.4864883,51.4484383
1791052454867450000,59.4564501953125,,6.800000190734863,1,11.399999618530273,1.899999976158142,4.018950939178467,,270,71.8,5.48642,51.4484367
1791052455869123800,60.458123779296876,,13.300000190734863,1.2000000476837158,11.199999809265137,1.899999976158142,4.073511600494385,,269,72.6,5.4863533,51.448435
1791052456869647400,61.4586474609375,,7.300000190734863,0.800000011920929,11.300000190734863,1.899999976158142,4.133219242095947,,273,73.19999999999999,5.4862883,51.448435
1791052457867940600,62.45694067382812,,7.199999809265137,0.800000011920929,11.300000190734863,1.940000057220459,4.171308994293213,,275,73.69999999999999,5.4862267,51.4484333
1791052458869745700,63.45874560546875,,12.600000381469727,1.399999976158142,34.881813049316406,1.9329999685287476,4.215060234069824,,280,62.39999771118164,5.4861733,51.4484233
1791052459869519600,64.45851953125,,13.100000381469727,1.100000023841858,34.89181137084961,1.940000057220459,4.216089725494385,,274,62.39999771118164,5.4861167,51.4484317
1791052460868780000,65.45778002929687,,17,1.2999999523162842,34.90180206298828,1.9329999685287476,4.227928161621094,,271,62.39999771118164,5.4860617,51.44843
1791052461867693300,66.456693359375,,12.699999809265137,1,34.91179275512695,1.9500000476837158,4.191382884979248,,269,62.39999771118164,5.4860217,51.4484317
1791052462866559500,67.4555595703125,,14.199999809265137,1.100000023841858,34.921783447265625,1.965999960899353,4.08226203918457,,269,62.39999771118164,5.4859817,51.44843
1791052463866872000,68.4558720703125,,12,1,34.931785583496094,1.9500000476837158,4.003509521484375,,269,62.39999771118164,5.485925,51.44843
1791052464868084700,69.45708471679687,,10.699999809265137,1.100000023841858,34.941795349121094,1.965999960899353,3.9438016414642334,,269,62.39999771118164,5.4858783,51.44843
1791052465868041000,70.457041015625,,8.5,1,34.95179748535156,1.9830000400543213,3.9124035835266113,,269,62.39999771118164,5.48582,51.4484283
1791052466868280800,71.45728076171875,,11.199999809265137,1,8.440174102783203,1.9800000190734863,3.8171799182891846,,269,62,5.485775,51.4484283
1791052467865751600,72.45475146484375,,6.400000095367432,0.800000011920929,8.450148582458496,1.965999960899353,3.770854949951172,,269,62,5.4857267,51.4484283
1791052468867931400,73.45693139648438,,6.699999809265137,0.8999999761581421,8.46017074584961,1.940000057220459,3.7461483478546143,,269,62,5.48568,51.4484267
1791052469867533300,74.456533203125,,7.5,0.8999999761581421,8.470166206359863,1.9329999685287476,3.7178385257720947,,272,62,5.4856217,51.4484267
1791052470865575700,75.45457568359375,,6.5,0.699999988079071,8.480147361755371,1.899999976158142,3.6998233795166016,,269,62,5.48556,51.4484283
1791052471868798200,76.45779809570313,,5.900000095367432,0.699999988079071,8.490179061889648,1.8600000143051147,3.774458169937134,,269,62,5.4855033,51.4484267
1791052472870102000,77.45910205078125,,7.199999809265137,0.800000011920929,8.500192642211914,1.840000033378601,3.870711088180542,,271,62,5.4854433,51.4484283
1791052473867033300,78.45603344726563,,9.600000381469727,1.2000000476837158,8.510161399841309,1.8329999446868896,3.9824059009552,,264,62,5.485375,51.448425
1791052474868902400,79.45790234375,,15.199999809265137,1.600000023841858,8.520180702209473,1.8200000524520874,4.014318466186523,,250,62,5.4853083,51.4484183
1791052475870385400,80.45938549804687,,4.800000190734863,0.699999988079071,8.530195236206055,1.8200000524520874,4.030274868011475,,223,62,5.485255,51.4483967
1791052476869944000,81.45894409179688,,4,0.6000000238418579,8.540190696716309,1.8200000524520874,4.08226203918457,,214,62,5.4852133,51.4483667
1791052477651000000,82.24,,0,0,1.1063268184661865,2.5969998836517334,0,,0,61.89999771118164,5.4852133,51.4483667
1791052477868788200,82.45778833007813,,8.300000190734863,0.8999999761581421,1.1085046529769897,2.4830000400543213,4.08123254776001,,209,61.89999771118164,5.4851833,51.448335
1791052478868213200,83.45721313476562,,13.399999618530273,1.899999976158142,1.1184989213943481,2.5969998836517334,4.200133323669434,,181,61.89999771118164,5.4851567,51.4483017
1791052479868382700,84.4573828125,,6.5,1,1.1285006999969482,2.4830000400543213,4.227928161621094,,182,61.89999771118164,5.4851567,51.44826
1791052480867022600,85.45602270507813,,6.400000095367432,0.800000011920929,1.1384871006011963,2.4690001010894775,4.262414932250977,,182,61.89999771118164,5.4851567,51.4482233
1791052481870511900,86.45951196289063,,6.199999809265137,0.800000011920929,1.148521900177002,2.5810000896453857,4.235134601593018,,183,61.89999771118164,5.4851533,51.4481883
1791052482870502000,87.459501953125,,8.399999618530273,0.8999999761581421,1.1585218906402588,1.7999999523162842,4.187779903411865,,183,61.89999771118164,5.48515,51.4481567
1791052483868798000,88.4577978515625,,4.5,0.6000000238418579,1.1685048341751099,1.7999999523162842,4.135793209075928,,183,61.89999771118164,5.4851467,51.4481183
1791052484868033800,89.45703369140625,,4.599999904632568,0.699999988079071,1.1784971952438354,1.7999999523162842,4.141455173492432,,183,61.89999771118164,5.4851483,51.4480833
1791052485019000000,89.608,,0,0,2.8805065155029297,1.9500000476837158,0,,0,61.89999771118164,5.4851483,51.4480833
1791052485872156200,90.46115625,,4.599999904632568,0.699999988079071,2.8890380859375,1.934000015258789,4.1177778244018555,,181,61.89999771118164,5.485155,51.4480483
1791052486868938200,91.45793823242188,,3.9000000953674316,0.6000000238418579,2.899005889892578,1.899999976158142,4.121380805969238,,180,61.89999771118164,5.4851533,51.4480083
1791052487866936000,92.45593603515626,,4.5,0.6000000238418579,2.9089858531951904,1.8860000371932983,4.1471171379089355,,181,61.89999771118164,5.485155,51.4479733
1791052488870188000,93.45918798828124,,4.599999904632568,0.699999988079071,2.919018507003784,1.8839999437332153,3.994244337081909,,175,61.89999771118164,5.48516,51.4479383
1791052489868809500,94.4578095703125,,8.199999809265137,0.8999999761581421,2.929004669189453,1.8669999837875366,3.9165213108062744,,180,61.89999771118164,5.4851633,51.4479067
1791052490867683800,95.45668383789062,,8.100000381469727,0.8999999761581421,2.938993453979492,1.7000000476837158,3.9242422580718994,,180,61.89999771118164,5.4851633,51.4478733
1791052491872533200,96.461533203125,,10.899999618530273,1.100000023841858,2.9490418434143066,1.7200000286102295,3.937624931335449,,178,61.89999771118164,5.485165,51.4478383
1791052492868614100,97.4576142578125,,12.199999809265137,1.100000023841858,2.959002733230591,1.7400000095367432,3.9278452396392822,,178,61.89999771118164,5.4851683,51.4478033
1791052493866443300,98.455443359375,,5.599999904632568,0.800000011920929,2.9689810276031494,1.75,3.8887264728546143,,180,61.89999771118164,5.48517,51.4477667
1791052494867678200,99.45667822265625,,5.599999904632568,0.800000011920929,3.0526716709136963,1.7660000324249268,3.891814708709717,,179,66.5999984741211,5.48517,51.4477283
1791052495865316600,100.45431665039062,,4.400000095367432,0.699999988079071,3.062648057937622,1.7829999923706055,3.909315347671509,,180,66.5999984741211,5.4851683,51.4476883
1791052496872832300,101.46183227539062,,4.300000190734863,0.699999988079071,3.072723150253296,1.7999999523162842,3.9051973819732666,,184,66.5999984741211,5.4851667,51.4476483
1791052497866922200,102.45592211914062,,4.5,0.6000000238418579,3.0826640129089355,1.7999999523162842,3.8789467811584473,,180,66.5999984741211,5.485155,51.44761
1791052498865515500,103.454515625,,4.099999904632568,0.6000000238418579,3.0926499366760254,1.7999999523162842,3.864534378051758,,177,66.5999984741211,5.485155,51.4475733
1791052499864322800,104.45332275390625,,4.599999904632568,0.6000000238418579,3.102638006210327,1.7829999923706055,3.9247570037841797,,177,66.5999984741211,5.4851567,51.4475433
1791052500867652000,105.45665209960937,,5.400000095367432,0.6000000238418579,3.112671375274658,1.7599999904632568,3.857328414916992,,177,66.5999984741211,5.48516,51.44751
1791052501867512600,106.4565126953125,,5,0.699999988079071,3.1226699352264404,1.75,3.8326215744018555,,177,66.5999984741211,5.4851633,51.4474783
1791052502868910000,107.45791015625,,4.300000190734863,0.6000000238418579,3.132683753967285,1.7200000286102295,3.8264451026916504,,177,66.5999984741211,5.485165,51.4474417
1791052503867804200,108.45680419921875,,5.800000190734863,0.699999988079071,3.1426727771759033,1.7000000476837158,3.7718844413757324,,177,66.5999984741211,5.4851683,51.44741
1791052504869580800,109.45858081054688,,8.699999809265137,0.800000011920929,8.61605167388916,1.7000000476837158,3.657616138458252,,177,62.89999771118164,5.4851717,51.4473767
1791052505866277600,110.45527758789062,,6.5,0.699999988079071,8.626018524169922,1.7000000476837158,3.5649662017822266,,177,62.89999771118164,5.4851733,51.44735
1791052506867947800,111.45694775390625,,6.699999809265137,0.699999988079071,8.636034965515137,1.6799999475479126,3.415696620941162,,177,62.89999771118164,5.4851767,51.4473167
1791052507867436800,112.45643676757813,,6.599999904632568,0.6000000238418579,8.646029472351074,1.6660000085830688,3.28444242477417,,177,62.89999771118164,5.4851783,51.4472917
1791052508869023700,113.45802368164063,,6.599999904632568,0.6000000238418579,8.656045913696289,1.6200000047683716,3.1974544525146484,,177,62.89999771118164,5.48518,51.4472767
1791052509867293200,114.45629321289063,,8.800000190734863,1.100000023841858,8.666028022766113,1.600000023841858,3.1367173194885254,,177,62.89999771118164,5.4851817,51.4472517
